Model,Variant,Train Acc,Test Acc,Macro F1,Kappa
Baseline (majority class),-,0.5081,0.5081,0.1348,0.0
Logistic Regression,Objective,0.4741,0.4498,0.4295,0.2336
Decision Tree,Objective,1.0,0.466,0.4004,0.1974
Random Forest,Objective,0.9846,0.4693,0.4285,0.2415
Gradient Boosting,Objective,0.8136,0.4822,0.442,0.2608
Logistic Regression,Full,0.778,0.7767,0.7275,0.6791
Decision Tree,Full,1.0,0.7573,0.7216,0.6385
Random Forest,Full,0.9676,0.8155,0.7927,0.7348
Gradient Boosting,Full,0.9335,0.7961,0.763,0.7053
